area_analyzed,axon_count,gratio_avg,diamter_avg
4436741,57573,0.5015905572742957,1.4283242407518573