area_analyzed,axon_count,gratio_avg,diamter_avg
3222064,47623,0.5620928288676111,1.1027562347983968