area_analyzed,axon_count,gratio_avg,diamter_avg
362525,5261,0.5380358607793349,1.6808040839008835