area_analyzed,axon_count,gratio_avg,diamter_avg
503808,6083,0.5445590036249205,1.800143262534413