area_analyzed,axon_count,gratio_avg,diamter_avg
395414,5335,0.5955611809797561,1.9653748176098795